{"cameraMode":{"drawMode":0,"name":"Shaded","section":"Shading Mode"},"sceneLighting":true,"audioPlay":false,"sceneViewState":{"showFog":true,"showMaterialUpdate":false,"showSkybox":true,"showFlares":true,"showImageEffects":true,"showParticleSystems":true},"in2DMode":false,"pivot":{"x":94.30205535888672,"y":16.731632232666017,"z":61.07015609741211},"rotation":{"x":0.13086172938346864,"y":0.5790032744407654,"z":-0.09481201320886612,"w":0.799150288105011},"size":25.118165969848634,"orthographic":false}